token,source_count,target_count,cosine_before,cosine_after,delta
the,2175919,887494,0.19133735996174145,0.8445635419631927,0.6532261820014513
my,692236,244475,0.16352949990508414,0.8558853995128473,0.6923558996077631
don't,281056,136363,0.19826135102679798,0.8490404780325094,0.6507791270057114
do,199500,95562,0.1653187018815066,0.7809084067918407,0.615589704910334
you're,146910,77707,0.07488113218542472,0.8356538643720185,0.7607727321865938
baby,124779,65793,0.10619546844238575,0.7892278555191407,0.683032387076755
from,162950,56238,0.09868084891406548,0.7885699935464925,0.689889144632427
gonna,83288,47644,0.06471344615824885,0.8102160780970586,0.7455026319388098
man,95698,40264,0.17187003034882253,0.7144174982867407,0.5425474679379182
more,82993,37570,0.14001163183071608,0.7757673252703279,0.6357556934396118
where,85267,33266,0.055318310650898816,0.8124615333338843,0.7571432226829855
little,64410,30071,0.010348823156564445,0.6936638971729229,0.6833150740163584
keep,62203,27335,0.11097149282310691,0.8361796291196444,0.7252081362965375
still,63599,24485,0.18483903470883623,0.7478251483466334,0.5629861136377972
tonight,29536,21491,0.10154382865587716,0.6973086192196792,0.595764790563802
much,43526,20559,0.15369360716450528,0.7586545777064562,0.6049609705419509
live,43835,17926,0.06728098224632623,0.7722674426976301,0.7049864604513039
face,41300,16878,0.10025369256752117,0.7657627524826679,0.6655090599151468
stay,35101,15789,0.07939258708104048,0.7610381819705336,0.6816455948894932
made,35112,14874,0.06206758209841125,0.7486526441736716,0.6865850620752604
did,36002,14024,0.06907333122737752,0.7313737000374034,0.662300368810026
end,31819,13190,0.05208624464822745,0.7537197122338988,0.7016334675856714
even,34564,12494,0.12473435177706624,0.72836311674884,0.6036287649717738
care,24233,11963,0.18409206109121012,0.6862328853642377,0.5021408242730275
die,35659,11375,-0.013980283187610272,0.7521644592007325,0.7661447423883427
what's,29583,11009,0.07497358800627363,0.716459149639459,0.6414855616331854
everybody,19512,10529,0.08309342411181467,0.6314020866811645,0.5483086625693498
best,21910,10122,0.10570971640320612,0.721485986114911,0.6157762697117048
many,25813,9776,0.02728972996886229,0.7647971477960258,0.7375074178271636
makes,19932,9514,0.08423246108989585,0.7540831615719163,0.6698507004820204
first,22399,9182,0.16444303874973604,0.665564744206121,0.501121705456385
street,15910,8805,0.04473673507847625,0.6914602092796038,0.6467234742011276
mean,18852,8494,0.04609276840910194,0.6569602083099594,0.6108674399008575
sound,17727,8271,0.08844473404609557,0.6856792663378894,0.5972345322917939
knows,16516,8030,0.09333969541444813,0.7047533927559195,0.6114136973414714
boys,10451,7685,0.053680408569330984,0.47310950800093177,0.4194290994316008
lies,18148,7537,0.10727207081716283,0.68570011782024,0.5784280470030772
getting,17456,7303,0.1063838396949788,0.7239843314265801,0.6176004917316014
under,16963,7009,0.0975527284259266,0.6613432563882604,0.5637905279623339
happy,15529,6775,0.1592928741113123,0.5732170013058631,0.41392412719455074
word,18315,6473,0.00843151428752065,0.6365258952776973,0.6280943809901767
cool,12039,6248,0.010929013494822327,0.6531891176362226,0.6422601041414002
falling,12663,6022,0.02213539539707953,0.7232624347445706,0.7011270393474911
hurt,12797,5856,0.08155439320369834,0.7167623788735266,0.6352079856698283
alive,12375,5764,0.02902890544226951,0.6330709593217698,0.6040420538795003
three,14756,5637,0.05977555961829555,0.6472555588330378,0.5874799992147423
making,11025,5338,-0.0062389153934126265,0.6560246705381558,0.6622635859315684
wants,10344,5229,0.04236899671026652,0.6509709166631015,0.608601919952835
star,10475,5009,0.026504462920840306,0.6262876528059164,0.5997831898850761
doo,8024,4900,0.07925466092400506,0.5593302678808466,0.48007560695684154
nights,7090,4748,0.1071403932730135,0.7008196548249634,0.5936792615519499
blind,11530,4577,0.10323509818564465,0.6437650563882444,0.5405299582025997
nice,9442,4389,0.04281756282883899,0.5988061057164082,0.5559885428875693
bit,8915,4219,0.07300656614847789,0.661284852902319,0.5882782867538411
somewhere,8125,4085,0.1666168118857574,0.6787248383891782,0.5121080265034208
playing,7089,3997,0.061233720144610024,0.7225419509902257,0.6613082308456156
felt,9570,3925,0.019298097104098813,0.7356027237522738,0.716304626648175
bright,7777,3855,-0.03748001936758638,0.7009592730157019,0.7384392923832883
higher,7062,3720,0.039880729464981515,0.7016885823465375,0.661807852881556
saying,8357,3633,0.10280397404945521,0.6437564954141733,0.5409525213647182
nowhere,7216,3572,0.057681989863685626,0.6040201458426011,0.5463381559789154
against,8884,3512,0.08418719287046551,0.6708410088316855,0.58665381596122
lead,8680,3425,0.08739174864169802,0.6123752634809314,0.5249835148392334
feelings,6068,3346,0.11151170786517517,0.6697709899416548,0.5582592820764797
most,10112,3274,0.08843062628086311,0.6428779966341635,0.5544473703533004
spend,6429,3211,0.12518741476787745,0.7548957119936283,0.6297082972257508
dog,9360,3160,0.04557895121086258,0.6263239252253812,0.5807449740145186
love's,4148,3072,0.04507672390965275,0.563872733731313,0.5187960098216602
fell,7317,3025,0.15471338842896987,0.6570550566347102,0.5023416682057403
feelin,6252,2940,0.15257524501273415,0.6881320441786419,0.5355567991659078
gettin,11758,2887,0.03271282080945356,0.6716246369268246,0.638911816117371
thank,6993,2864,0.09411667552618408,0.5823607347345316,0.48824405920834757
mr,8586,2810,0.03931816538032073,0.5634147145796515,0.5240965491993308
meant,6492,2783,0.08443088217135275,0.6772168718303031,0.5927859896589504
bye,6085,2731,0.10740722208771665,0.5024143930707418,0.3950071709830251
crowd,5118,2693,0.0022429670387650426,0.6006498918671153,0.5984069248283502
repeat,7788,2646,0.03620600210342254,0.5530297160399548,0.5168237139365323
okay,6065,2594,-0.09429144376576162,0.5668098410990181,0.6611012848647797
survive,5436,2541,0.03188780492966652,0.563052128630101,0.5311643237004345
funny,6174,2497,0.08690788383468749,0.6304612283995455,0.543553344564858
corner,6042,2441,-0.013350033341204763,0.6734955904278578,0.6868456237690626
shadow,4975,2407,0.13606355988564117,0.6302155373105235,0.4941519774248823
somehow,5406,2364,0.06368348634428114,0.66276361925968,0.5990801329153989
anyway,6041,2343,0.11937574901261289,0.6046694006639597,0.4852936516513468
yesterday,5006,2312,0.17329320468024456,0.6577021034116057,0.48440889873136117
act,7206,2283,0.010292274433884072,0.549812214536356,0.539519940102472
woo,3386,2239,-0.04358096222426598,0.3260522011052499,0.3696331633295159
tree,6462,2200,0.07808627757392739,0.6982060289321996,0.6201197513582722
ma,2895,2175,-0.005198183130846919,0.37175009956744803,0.37694828269829495
plan,6253,2137,0.08923601377589026,0.6531178521418295,0.5638818383659392
filled,5429,2097,0.1114202849721432,0.7253185070988275,0.6138982221266843
pleasure,3862,2077,0.014842242956808784,0.569364589064884,0.5545223461080752
cried,4153,2053,0.14080087222343998,0.7387296045535008,0.5979287323300608
th,4426,2008,0.06468393839316142,0.49159319101346677,0.4269092526203053
given,4845,1961,-0.063674953290675,0.6188207930101373,0.6824957463008122
knowing,4552,1921,0.05179361621797291,0.6344837647428371,0.5826901485248641
become,6148,1900,0.1722798337035697,0.5816170029597212,0.4093371692561515
hole,6086,1873,0.059135427593545814,0.6062312039081599,0.547095776314614
life's,4797,1857,0.04211304998947973,0.6001260481089332,0.5580129981194535
cares,3221,1831,0.05970104003259698,0.6274752988508376,0.5677742588182406
brought,5323,1800,0.017721269318524434,0.6621732904270077,0.6444520211084832
surrender,2661,1777,0.09553346695745725,0.5074141226342725,0.4118806556768153
moves,3717,1753,-0.034468831274271305,0.5544796531169389,0.5889484843912103
double,5152,1734,0.053292492619604934,0.46519397945517016,0.4119014868355652
sleeping,4276,1713,-0.0018339632472993243,0.5597110361435764,0.5615449993908758
rose,3841,1689,0.03230571225621398,0.46685991649093606,0.4345542042347221
single,4920,1660,0.019223891284361323,0.6172461864828418,0.5980222951984805
motion,2479,1639,0.10422430073468739,0.5302982350651819,0.42607393433049456
burnin,2183,1607,0.023089151884137536,0.5683382332739404,0.5452490813898029
early,3872,1584,0.1332478403393526,0.6038608727357988,0.4706130323964462
riding,3435,1561,-0.006622148755961321,0.5980578862100681,0.6046800349660294
prayer,3521,1544,0.02325816186713106,0.6189216720964317,0.5956635102293006
distance,3046,1524,0.08285917541975114,0.586910774393058,0.5040515989733069
noise,3126,1508,0.0002184108374121939,0.5482715350470999,0.5480531242096878
built,3453,1485,0.03360109603771429,0.6249216774086344,0.59132058137092
beer,3141,1480,0.12716040569062434,0.6458981819952828,0.5187377763046584
foot,3255,1463,0.06252283715225852,0.5602527903788914,0.4977299532266329
case,4329,1441,0.027329684798238177,0.45812919191839085,0.4307995071201527
super,2820,1437,0.09157549402947936,0.5294071522099832,0.4378316581805039
dressed,2986,1420,0.09556929021871957,0.6092108375137835,0.513641547295064
asking,3120,1406,0.1534223729721993,0.6184896056884523,0.46506723271625305
pack,4407,1396,0.02478476873529819,0.5553603515593002,0.530575582824002
legs,3203,1380,0.0091382443905216,0.6409847269646309,0.6318464825741094
burns,3286,1364,0.009437765650388978,0.6625328911458721,0.6530951254954831
fame,3231,1340,0.04670823106183201,0.6075868174779149,0.5608785864160829
laid,4024,1317,0.19095651424919477,0.6128811183909355,0.4219246041417407
promised,2891,1302,0.11891768451289611,0.589613112332739,0.47069542781984297
course,3465,1281,0.058192384563946896,0.4522342397916025,0.3940418552276556
reasons,2773,1255,0.033157711832485406,0.6496959418324819,0.6165382299999965
givin,3489,1241,0.0345977157297801,0.5592320552624404,0.5246343395326603
store,3440,1226,0.05352490443525185,0.5968887942105205,0.5433638897752687
ease,3283,1214,0.07169272123986442,0.6381703911926273,0.5664776699527629
guilty,2268,1195,0.09720010959470476,0.5893575721607989,0.4921574625660941
tied,2507,1183,0.06997605228162983,0.6395267013939447,0.5695506491123149
plain,2553,1177,0.031149304826237234,0.48624382436335706,0.4550945195371198
wet,4541,1164,-0.041900885800318644,0.5024179130512291,0.5443187988515477
wash,3861,1155,0.17575006047366198,0.6831748622498467,0.5074248017761847
zone,2288,1149,0.034432595660928954,0.4853496109940428,0.45091701533311385
movie,2286,1142,0.1467907264970085,0.6056852031813429,0.45889447668433436
hee,1131,1250,0.05137495787599062,0.30551374839067086,0.25413879051468025
cheap,2386,1119,0.038042543037734036,0.5379177919328197,0.4998752488950857
bus,2856,1109,0.15139998068935423,0.4978103246825271,0.3464103439931729
person,2288,1094,0.18578487775705335,0.5904347734130941,0.4046498956560408
bother,2144,1087,0.15425873682244734,0.541317902848131,0.38705916602568363
bitter,2931,1075,-0.0313799452652918,0.5901063376443046,0.6214862829095964
twist,2981,1067,0.060283168105301384,0.5327415772917915,0.4724584091864901
troubles,1928,1061,0.07490656641134605,0.6415003986487953,0.5665938322374492
hunger,2133,1050,0.11222318390078764,0.6272624499427099,0.5150392660419222
imagine,3065,1035,0.017752617192955098,0.4984632026599026,0.4807105854669475
underground,2817,1028,0.06390556142538442,0.5114249827870648,0.44751942136168044
direction,2274,1021,0.09821240856365518,0.6615919628019712,0.563379554238316
rage,3486,1008,0.027200092594766672,0.4913544918997761,0.4641543993050094
complete,2469,1000,0.00937486360831306,0.5282734676711399,0.5188986040628268
hollywood,1361,989,-0.061248847729803255,0.46854683041961365,0.5297956781494169
aren't,2145,979,0.12252713591381538,0.5635290626461542,0.44100192673233884
missed,2546,972,-0.009761290247839942,0.6411382219744975,0.6508995122223374
date,1973,960,0.14977962943629186,0.5686224112507572,0.4188427818144653
imagination,1462,946,0.08210379309535126,0.5664084413471472,0.4843046482517959
spoken,2691,935,0.02156235360966123,0.57989090417977,0.5583285505701088
gentle,1780,929,0.08889492158916489,0.6001410228836939,0.511246101294529
shelter,2164,922,0.09200186854406607,0.5783520937600349,0.4863502252159689
bag,3581,914,0.06998004929630344,0.5370093400486469,0.46702929075234345
ticket,1682,906,0.09871320789488199,0.5914725562921906,0.49275934839730867
singin,1665,891,0.1391631617480004,0.6153030018377391,0.47613984008973875
hidden,2316,885,0.04855166617794609,0.5748326270415469,0.5262809608636009
shape,2018,877,0.2100701239415394,0.5089081034335965,0.2988379794920571
leavin,2487,870,-0.005129984139601855,0.5414533154008576,0.5465832995404595
fix,3417,859,0.12243349488296511,0.48031880957025047,0.35788531468728535
babylon,1413,853,0.14207838332150097,0.46833025346075285,0.3262518701392519
gods,3503,842,0.04348272689784907,0.628686199184864,0.585203472287015
whether,2274,838,0.011697995258660587,0.5972205166315331,0.5855225213728725
moments,2048,832,0.11467701294996654,0.6813469852976625,0.5666699723476959
pushing,1809,823,0.014772713839934198,0.5733426912131269,0.5585699773731927
sisters,1888,817,0.09413365350769035,0.616575840532295,0.5224421870246047
st,2041,812,0.06154871871260763,0.41372499927827355,0.3521762805656659
soldiers,2284,804,0.08669786628065224,0.4521583804842412,0.36546051420358894
among,2565,795,0.0945468160273524,0.5796481102383133,0.48510129421096093
trick,3477,789,0.07507706434120995,0.5376271800711782,0.4625501157299682
mom,2942,783,0.0827771709629397,0.5628882975460577,0.48011112658311805
ignore,1968,778,0.17343250808581429,0.5381866074187497,0.3647540993329354
main,1939,769,0.09964323817992204,0.4334106848747207,0.33376744669479863
suffer,2812,761,0.01973330962474787,0.602333758416844,0.5826004487920962
candle,1924,755,0.06845392426329497,0.6022835549168497,0.5338296306535547
frozen,2445,752,0.02723506313558895,0.5425310051735491,0.5152959420379601
drove,1928,748,0.032320019779400126,0.6991051307187408,0.6667851109393407
closing,1572,745,0.11972889407204522,0.6219426689332678,0.5022137748612225
reaction,931,740,0.06408468518908336,0.5709716002586604,0.5068869150695771
dread,1093,735,-0.004784265607035026,0.45023498446953886,0.4550192500765739
girl's,1044,730,0.03752359061424021,0.4564764575921886,0.41895286697794837
freeze,1722,720,0.011635356284880126,0.502682031549265,0.49104667526438495
drivin,1465,718,0.018829506180905085,0.6262495960205697,0.6074200898396647
tale,1668,713,0.03690785989656217,0.6051465425950986,0.5682386826985364
gather,1985,709,0.08820842311094708,0.61808387890841,0.5298754557974629
picked,1838,706,-0.013861778574393226,0.6789680919970821,0.6928298705714753
heavenly,1556,702,0.04907973725101327,0.49963974121703303,0.45056000396601975
searchin,1168,697,-0.03005955287058775,0.5656100725873167,0.5956696254579044
aw,1595,693,0.11428704901450613,0.3733653320087459,0.25907828299423974
gray,1871,686,0.0969377417134093,0.6047730538428472,0.5078353121294379
conversation,1486,682,0.0848260440253908,0.5534876595039311,0.4686616154785403
foreign,1230,678,-0.0005346135995496371,0.5205592754404333,0.521093889039983
buried,2299,671,0.033435259590108055,0.605057189616074,0.571621930025966
trade,1588,667,0.04221708163992048,0.5138219187871623,0.47160483714724183
rescue,1553,662,0.07172685664206468,0.510327108786752,0.43860025214468734
chicken,2254,658,0.10354602205412196,0.4663105418981179,0.36276451984399594
raining,1304,653,0.12626540098661804,0.5956301672857149,0.4693647662990969
lamb,1534,646,0.008132948210621549,0.6432119444314597,0.6350789962208381
upside,1634,642,0.011908294900043387,0.6334727532234444,0.621564458323401
sometime,1252,641,0.1544261739381128,0.48658819377001433,0.3321620198319015
struggle,2311,638,0.07400647258446198,0.5836998552089682,0.5096933826245061
pie,1636,634,0.0832083795650913,0.5612391103181245,0.47803073075303315
knee,1580,629,0.12255889626466007,0.5700739206918727,0.4475150244272126
fucked,5910,625,0.054664466494724895,0.5782859109252052,0.5236214444304803
faithful,1606,621,0.1201275531967855,0.5566975227623479,0.4365699695655624
excited,857,618,0.17501635948138855,0.5707196409399153,0.3957032814585268
slipped,1266,614,0.06834224693242802,0.6627813293882656,0.5944390824558377
strings,1429,610,0.1367049265338758,0.6089849814159952,0.47228005488211944
fist,2261,603,0.12091928556172167,0.5390954688896514,0.4181761833279298
dinner,1350,597,0.07400033957446742,0.6525166841054961,0.5785163445310287
forth,2605,593,0.045671360828540175,0.5633802193140685,0.5177088584855283
uncle,1501,589,0.010582368985965037,0.4294186095226268,0.41883624053666174
tower,1298,585,0.13925434067594528,0.5568240989130706,0.41756975823712533
confess,1463,580,0.16259953100378174,0.5499200358738893,0.3873205048701075
seasons,1306,576,0.08344821013473216,0.6077341326371963,0.5242859225024642
rubber,1202,573,0.10926403569278001,0.43367165524050844,0.32440761954772845
fed,2200,569,0.10892816643702212,0.5603054803404346,0.45137731390341246
fifty,1971,565,-0.01016077761442405,0.5218462877568774,0.5320070653713014
bob,1425,562,0.09366324138533608,0.36458378685484405,0.27092054546950795
stream,1454,558,0.03332282671786926,0.6478992664556174,0.6145764397377481
frightened,928,555,0.2106070363321123,0.5366920254007937,0.32608498906868144
ridin,2288,550,0.05482967073090669,0.5735464673352983,0.5187167966043916
movies,983,548,0.00543331931777391,0.5656069085510603,0.5601735892332864
hears,1106,545,0.08767681324862643,0.6850075859535791,0.5973307727049527
paris,945,542,0.08823243333628883,0.418751361284598,0.33051892794830917
blinded,1455,537,0.06465432952497333,0.6118073334500975,0.5471530039251242
drinkin,1761,533,0.1802241534051136,0.6160908159366978,0.4358666625315842
father's,1255,529,0.11784891559117064,0.608827366845867,0.4909784512546964
risk,1172,527,-0.055854953813398896,0.6134092631236701,0.669264216937069
courage,1203,523,0.1774168430730073,0.5098663171038964,0.3324494740308891
realized,1294,520,0.020628226813942975,0.5841512733640029,0.5635230465500599
stomp,1237,515,0.02969840301087124,0.4743612752391664,0.44466287222829515
yah,1393,512,-0.04867124261839545,0.41858613022511165,0.4672573728435071
palm,1145,509,0.12447407796804512,0.6034871271791967,0.4790130492111516
jones,1489,501,0.048825582899628975,0.4243457661045655,0.3755201832049365
bags,1539,499,0.030168884902935497,0.5975246651319015,0.567355780228966
smoking,2287,497,0.10308575931449301,0.5316340515075864,0.4285482921930933
effect,1344,494,-0.017109428394197997,0.4691733344587245,0.4862827628529225
leader,1007,492,0.042834432327518684,0.5581134499813315,0.5152790176538128
else's,1075,489,0.05762578370670377,0.5529035292299755,0.49527774552327175
terrible,1154,485,0.04046439812613293,0.5178647239566737,0.47740032583054076
compromise,1110,480,0.18460066108352258,0.5548109385600023,0.3702102774764797
bride,1193,477,0.06882152189910055,0.5819651086883487,0.5131435867892482
mental,2661,474,0.2083224555557221,0.4850776075499712,0.2767551519942491
slam,1695,471,0.054584480118898326,0.4895980090571598,0.43501352893826145
button,721,469,0.1279074718615607,0.46307997625919495,0.33517250439763424
habit,956,466,0.03131036253215815,0.5330552798498999,0.5017449173177417
connection,907,463,0.07268586576041233,0.41515698818171864,0.3424711224213063
separate,1402,460,0.05490548480534425,0.5586639578989394,0.5037584730935951
ships,951,459,-0.006383406044243263,0.573216885633056,0.5796002916772992
purple,1451,456,-0.006772742491620964,0.528793647310712,0.535566389802333
rooms,763,454,0.11618023950172306,0.6017947903301237,0.48561455082840066
sally,712,451,0.08375815782599676,0.48693374907889386,0.4031755912528971
homeboy,814,448,0.040381852286459685,0.5301864759636651,0.4898046236772054
machines,726,445,0.023921227298550625,0.4861987006825855,0.4622774733840349
upset,802,443,0.029870481883891294,0.5388838688867167,0.5090133870028254
powers,1181,440,0.019227232817624777,0.6166876421403844,0.5974604093227597
shouting,658,438,0.14415110080905968,0.5330965418599145,0.3889454410508548
almighty,977,435,0.04359515658259601,0.5732707683939353,0.5296756118113393
trance,822,433,0.057395435225388126,0.6041257475607482,0.5467303123353601
proof,1745,431,0.1081129502237543,0.5003384991304727,0.39222554890671835
dey,566,429,0.12372914893188794,0.4686754859268656,0.3449463369949777
judgement,1006,426,0.04576656822204194,0.488608900392584,0.44284233217054203
extra,1657,422,0.0024592437651836385,0.46776865762620123,0.4653094138610176
tennessee,899,421,0.030298439910626383,0.5180122390432859,0.4877137991326595
meeting,813,419,0.06732077816198777,0.488674682665748,0.4213539045037602
partner,1129,415,0.12602354688685793,0.4268223549112149,0.300798808024357
gear,1065,413,-0.045498503210910896,0.48043726622359806,0.5259357694345089
center,1382,411,0.01235354676935347,0.4835695017154356,0.47121595494608215
mellow,717,409,0.05541275486850119,0.48694251023112,0.43152975536261884
complain,1248,406,0.06827067995069191,0.5986104762203555,0.5303397962696635
riot,1019,404,0.07312987147332421,0.5264348323375094,0.4533049608641852
crashing,1031,402,0.11209889081437927,0.6040456091231479,0.49194671830876857
wounded,1039,400,0.11144943476201526,0.5507194648089742,0.4392700300469589
missin,1087,398,0.021376242860056457,0.5504157919648484,0.5290395491047919
overcome,966,396,0.024745665511121277,0.478324960466163,0.45357929495504173
operator,421,394,0.08924835624249523,0.551004577799254,0.46175622155675883
tin,781,389,0.17043198985188818,0.4323552499244411,0.2619232600725529
office,680,388,0.04207283499002994,0.5326446169409742,0.49057178195094425
flew,1225,386,0.07098785958468912,0.6667210181915947,0.5957331586069056
setting,1177,381,0.09651765258949271,0.48232347945887616,0.3858058268693835
hug,958,379,0.04744252678291809,0.6226295669711419,0.5751870401882239
rotten,1388,377,0.03064770802777244,0.478646475882764,0.44799876785499154
ace,836,375,-0.007210100003664111,0.5338841625246225,0.5410942625282865
deceive,841,374,0.06581032805916907,0.6271353753490574,0.5613250472898883
guilt,1409,371,0.037726898186083865,0.5850006074339325,0.5472737092478486
post,1020,370,0.11179871130682643,0.3902286197012669,0.27842990839444043
tiger,635,368,0.08921927738972081,0.44717645680540924,0.35795717941568844
spy,576,366,0.030181710727217214,0.4777444419104905,0.4475627311832733
lace,861,364,0.019173923027980266,0.4715471736973232,0.4523732506693429
freeway,550,363,0.05785868785975156,0.5208770340606452,0.46301834620089366
creep,2659,360,-0.01572673824072285,0.4368833256187536,0.45261006385947644
du,1012,358,0.10102595087722213,0.5079225580089012,0.4068966071316791
freaky,1465,356,0.04371950961004849,0.46999446610241075,0.42627495649236224
existence,1749,354,0.10558240209218088,0.5846591772181654,0.4790767751259845
fuse,675,353,0.06052091917712971,0.5472784462980058,0.4867575271208761
money's,661,351,0.09285168688818199,0.5043173831722523,0.41146569628407026
fightin,781,349,-0.05530046500211844,0.49033426774367944,0.5456347327457979
nearer,436,347,0.0781966514043473,0.6398565830476592,0.561659931643312
ripped,1284,343,0.09914559556547634,0.584890896673274,0.4857453011077977
politics,705,342,0.1132148413247378,0.5611817921048593,0.4479669507801215
intentions,970,340,0.12061278883516215,0.5831376883984908,0.46252489956332865
butterfly,911,339,0.05496331253812675,0.4496258378702944,0.39466252533216767
choke,1786,336,0.07977053636913262,0.5854403276568898,0.5056697912877572
shack,579,335,0.060566039448292495,0.4928390386743463,0.43227299922605383
allow,951,333,0.06133436259612482,0.5148213319762518,0.453486969380127
appears,801,332,-0.028606403746545203,0.5209880158178192,0.5495944195643644
rainbows,508,331,0.10216767410698474,0.606890890233133,0.5047232161261483
jean,424,329,0.03567243642344513,0.42582011518335783,0.3901476787599127
sands,847,327,0.0364793349276908,0.6289894330161706,0.5925100980884798
storms,1057,325,-0.04389467573783726,0.5681486352776849,0.6120433110155221
creeping,1032,323,0.00037175288574600035,0.5334285591375983,0.5330568062518524
avoid,1074,322,0.09697589190365288,0.46567655161046106,0.3687006597068082
earn,916,320,0.07601600928509089,0.581223308899617,0.5052072996145262
hunting,627,319,0.06022826362358706,0.567040134341622,0.506811870718035
threat,969,317,0.014656309057102926,0.42513251808672714,0.41047620902962423
orders,496,316,0.14265682802594368,0.569189713948133,0.4265328859221893
rag,866,314,0.03568569983984646,0.4298696731415643,0.39418397330171784
howling,804,313,0.01784757880464264,0.6659194500588237,0.6480718712541811
armed,753,312,-0.032188359084557826,0.49900485686496254,0.5311932159495204
sirens,720,311,0.05699778481844053,0.6865955102113291,0.6295977253928886
supreme,1019,309,0.023859344217630432,0.5023006330342419,0.47844128881661147
returning,570,308,0.07731535273876836,0.4952920950162889,0.4179767422775206
louie,434,307,0.12896320771468076,0.3938082213636941,0.26484501364901336
alibi,433,306,0.12507233324523606,0.5876247691359249,0.46255243589068884
stoned,980,304,0.001568240519756898,0.3955254480142548,0.3939572074944979
poetry,921,302,0.13318171970059678,0.43153305657798247,0.2983513368773857
drowned,884,301,0.19858819876283065,0.5741961465133467,0.3756079477505161
anyhow,587,300,0.1954376432834143,0.45312399210644916,0.25768634882303487
sleepin,1018,298,-0.020437658276092563,0.5463030406714179,0.5667406989475104
digging,1118,297,0.0386361699216022,0.569332558890079,0.5306963889684768
lasting,428,296,0.08637638752289875,0.5421700294293208,0.455793641906422
blessing,955,294,0.058139749160103615,0.5198092407896254,0.4616694916295218
surrounds,792,293,0.026230704109072547,0.5969743263909597,0.5707436222818871
lamp,542,292,0.11699990106205177,0.5109678891947522,0.39396798813270045
corpse,1019,290,0.04129264854934918,0.5456143240946736,0.5043216755453244
thighs,875,288,0.034931949601599205,0.5901643977399811,0.5552324481383819
searched,665,287,-0.06615087063258868,0.7088940956104279,0.7750449662430166
loco,563,285,-0.04468243981078173,0.33412028093142476,0.3788027207422065
painting,650,284,0.022060825224994557,0.5727110070458516,0.5506501818208571
harvest,620,282,0.12618855216262898,0.5827143012380979,0.4565257490754689
ignorance,1324,280,0.1215028142816527,0.6017760554882894,0.48027324120663667
solve,813,279,0.005084864222320282,0.5668000481450133,0.561715183922693
sighs,530,279,0.07025801247470663,0.5443762841829316,0.47411827170822496
wired,445,278,0.10773026264686375,0.5022794989624296,0.3945492363155659
ra,569,277,-0.01566427987697939,0.39125640879488865,0.40692068867186804
blaze,1685,275,0.03762473910202104,0.4246329852954369,0.3870082461934159
void,1314,274,0.011197900426536893,0.5266743316830385,0.5154764312565016
mistaken,484,274,0.10480241253014626,0.5983516790844472,0.4935492665543009
kneel,973,272,0.09148168674355928,0.6120869199813533,0.5206052332377941
jacket,816,271,0.060936498550053286,0.5615029922548762,0.5005664937048229
september,623,270,0.0635880702531704,0.6268699644114666,0.5632818941582962
swell,1030,268,0.012985810991345832,0.5193716971161472,0.5063858861248013
linger,778,267,0.007318460546962311,0.5389795800481516,0.5316611195011893
pet,610,266,-0.07610534786606452,0.4146384889195587,0.49074383678562317
banks,809,264,-0.014171663166429344,0.4007383012783844,0.41490996444481376
thieves,720,262,0.08378460365804756,0.46237708475191563,0.37859248109386806
glide,546,261,0.059169448114133605,0.5717953980110111,0.5126259498968775
however,686,260,0.09167432455037666,0.48587576385199427,0.3942014393016176
warned,685,259,-0.06340155575671834,0.597093747749477,0.6604953035061953
hates,800,258,0.06627524894479678,0.5348103128782398,0.468535063933443
sexual,1125,257,0.05595584450336212,0.5337684693180995,0.4778126248147374
starry,488,257,0.11801169845745582,0.6061265454456777,0.48811484698822183
winners,258,256,0.09028980743553107,0.6088730732174191,0.5185832657818881
hump,420,255,-0.03599853144474895,0.43405888736452086,0.4700574188092698
co,637,254,-0.005942746682324521,0.3094561920029819,0.31539893868530644
glorious,857,252,0.17251184275248432,0.6002896596820222,0.42777781692953787
powerful,815,250,-0.041891037608407136,0.47620867043375087,0.518099708042158
claws,557,249,0.1386118639795116,0.5963803853506435,0.4577685213711319
lov,278,248,0.12545122625455218,0.5582140705435096,0.4327628442889574
spins,605,247,0.16331154568985257,0.5974844653677959,0.4341729196779433
je,322,246,0.08434734407717542,0.6636108781073501,0.5792635340301746
banana,502,245,0.006591352921123048,0.3772140798198418,0.3706227268987187
thumb,648,244,0.06486553887638846,0.5622815538757395,0.49741601499935106
trembling,692,243,0.0660915808765845,0.585739251382895,0.5196476705063104
powder,777,242,0.061184717896366744,0.42889461251769007,0.3677098946213233
shoulda,1203,241,0.15821823846529526,0.596427936589562,0.4382096981242667
bottles,729,241,0.020917708592892752,0.5939722474599968,0.573054538867104
pole,658,240,0.014633958548600036,0.5133111310182966,0.49867717246969656
tossed,805,239,0.011750535969885137,0.5617187391352318,0.5499682031653467
sparkle,459,239,0.037445170439287176,0.6300432712164477,0.5925981007771605
hated,934,237,0.1531448899670611,0.4850092989962908,0.3318644090292297
superstar,835,236,0.07828046530168274,0.5325718708128493,0.45429140551116654
pickin,611,235,-0.06286676407341596,0.5453325644381245,0.6081993285115405
buh,238,235,0.13879042571847047,0.6517689560444417,0.5129785303259713
ski,543,233,0.08235336141194233,0.34352703714467947,0.26117367573273714
title,594,232,0.04849312147936942,0.5793627570662243,0.5308696355868548
flop,573,231,-0.06490912870612568,0.43858911179209886,0.5034982404982246
disagree,578,230,0.03806682521345141,0.5707370349563857,0.5326702097429343
fingertips,471,229,0.0628114243960975,0.6126570319046147,0.5498456075085172
homeboys,545,228,0.038886303218611785,0.4568033863857248,0.417917083167113
lawyer,487,227,0.10216850856838,0.6248322590622023,0.5226637504938223
ann,337,226,0.07831657707538286,0.5032095486440589,0.424892971568676
maze,828,224,0.1431009240043073,0.5877142253224161,0.44461330131810883
macho,276,224,0.08415709768149443,0.43498124019164497,0.35082414251015054
harlem,686,223,0.04794149029418727,0.44404799933513955,0.3961065090409523
latin,410,223,0.07336725442517754,0.325862328088123,0.25249507366294544
moral,552,222,0.17183344193268368,0.5755167554257408,0.4036833134930571
carefully,454,221,-6.12930827340527e-05,0.5130250278997678,0.5130863209825018
woogie,283,220,0.14465886145260992,0.4743816641330656,0.3297228026804557
goodbyes,499,219,0.13419917623112704,0.6516913810814102,0.5174922048502832
jams,511,218,0.05958817516443925,0.4808838373386785,0.42129566217423925
jock,744,217,0.058264483432259,0.4694984729254152,0.4112339894931562
combination,385,217,-0.030585668347929054,0.45593560705152636,0.4865212753994554
ruled,473,216,0.13903357397012772,0.6158869681984105,0.47685339422828277
downs,490,215,0.0978102444662178,0.4827612283633882,0.3849509838971704
dragged,486,214,0.12410137913914703,0.6329075238098536,0.5088061446707066
prophets,498,213,0.08935571092214167,0.6071109022887373,0.5177551913665956
destined,606,212,0.023925801180114496,0.5274722756772537,0.5035464744971393
muddy,537,211,0.08952435775875889,0.47977343397515926,0.39024907621640037
cap,1800,210,-0.03625947174066092,0.40356579818748267,0.4398252699281436
chip,546,210,0.044602634820616466,0.43264021978437905,0.3880375849637626
stiff,669,209,0.025986447799596607,0.5121987083254385,0.4862122605258419
apartment,550,208,-0.004908116301919556,0.4809391714812487,0.48584728778316827
sucked,858,207,0.05367203996855853,0.5587212609579535,0.505049220989395
audience,463,207,0.18240386870046382,0.5360745053682009,0.35367063666773707
tools,673,206,-0.05842839760065397,0.5121534251233462,0.5705818227240002
judy,273,206,0.22406178024581433,0.354200477558555,0.13013869731274066
jar,642,205,0.04236279491806161,0.5200803161050784,0.4777175211870168
scarlet,462,205,0.006485209542518099,0.47243406395294996,0.4659488544104319
tighter,530,204,0.0683480336562944,0.6013122034312799,0.5329641697749855
nature's,507,203,0.15008877889797106,0.5905287613803725,0.4404399824824014
forsaken,632,202,0.0888219701799807,0.5620896917296185,0.4732677215496378
reaches,615,201,-0.003344452479051593,0.6441528403770599,0.6474972928561115
ritual,657,200,0.022173900082919452,0.534253926803076,0.5120800267201566
maid,463,200,0.10481447212721892,0.48024432878778145,0.3754298566605625
year's,442,199,0.03140435707972425,0.6124689526024739,0.5810645955227497
ton,577,198,-0.008841791283541942,0.5748741443615849,0.5837159356451268
stinks,245,198,0.12089166023382673,0.4681831644206694,0.3472915041868426
sole,395,197,0.04396155869210789,0.3917020001202894,0.3477404414281815
intention,468,196,0.05803540326103695,0.5619054910978013,0.5038700878367643
crucified,680,195,0.05634242858835934,0.551884762076623,0.4955423334882636
ar,332,195,0.05939539243274511,0.35152796241918705,0.29213256998644194
humming,434,194,0.05721827585377341,0.5875718867905597,0.5303536109367863
beatin,637,193,0.09232369081200245,0.6092037137437147,0.5168800229317123
marley,419,193,0.029574225268005717,0.4776828438101118,0.44810861854210604
cunt,653,192,0.027794739103761026,0.5541923335061923,0.5263975944024313
fiery,462,192,0.08786653242540918,0.5549954329203302,0.46712890049492095
senseless,564,191,0.12957847581686127,0.5370699350488652,0.40749145923200397
ivory,287,191,-0.023993945769232482,0.5321468624868827,0.5561408082561152
sly,390,190,0.056102056466046796,0.43082500971430043,0.37472295324825367
vietnam,408,189,0.11670925373912826,0.4969141240965258,0.38020487035739753
must've,582,188,0.050547858178038335,0.6366855755134868,0.5861377173354485
parted,342,188,0.14931378061171544,0.6537865963478547,0.5044728157361393
refused,414,187,0.045137340342833274,0.5083750557503737,0.4632377154075404
gathering,625,186,0.21697805887815996,0.5287246684441538,0.3117466095659938
dump,861,185,0.0520238611087194,0.4216813923130371,0.36965753120431766
zip,359,185,-0.04323244633446079,0.4671172210406632,0.510349667375124
anne,359,184,0.11118086759207352,0.5203170533975094,0.4091361858054359
cuttin,527,183,0.08556741794700187,0.5488702100388368,0.463302792091835
theres,813,182,0.06524253775341161,0.5824504891884867,0.5172079514350751
anarchy,356,182,0.10359543164389519,0.5103554567315343,0.4067600250876391
during,587,181,0.050849159395010106,0.49516592903086715,0.44431676963585703
elevator,372,181,0.07343455630353782,0.4531393357692812,0.37970477946574344
bangin,925,180,0.08170461814170661,0.4787635848176125,0.3970589666759059
communicate,327,180,-0.05308615502858342,0.5567811722521456,0.609867327280729
locks,526,179,0.14729429118719153,0.5055303830945246,0.3582360919073331
electricity,347,179,-0.0009121497615338613,0.45190074305213984,0.4528128928136737
volume,436,178,0.04268861369277184,0.6522577134229608,0.6095690997301889
mostly,567,177,0.2149045218215897,0.35833635424096266,0.14343183241937296
zombie,383,177,0.008148234383159793,0.4050854740767823,0.3969372396936225
rays,753,176,0.013644792424440381,0.6151661471659697,0.6015213547415293
firm,814,175,0.10174796410590121,0.46397305827620583,0.36222509417030463
buys,301,175,0.060406121700953226,0.6359151426224274,0.5755090209214742
length,428,174,0.06818482686181164,0.5757128943553858,0.5075280674935742
tumblin,245,174,0.09095464580399013,0.610331288023845,0.5193766422198548
deeply,501,173,0.03545288824068116,0.5170709365328673,0.48161804829218613
drunken,754,172,0.1883532486521325,0.42574988088817867,0.23739663223604618
planning,390,172,0.0005681125628799692,0.5484645325830853,0.5478964200202053
cooking,430,171,0.07260038118270214,0.6744195220661225,0.6018191408834204
fifth,1107,170,0.12601884332257854,0.43505178348470386,0.30903294016212535
convince,445,170,0.10577256828878048,0.6164201483581816,0.5106475800694011
darn,220,170,0.1337424473287226,0.4337220729143072,0.2999796255855846
pointed,583,169,0.008072839456198716,0.6055140014641507,0.5974411620079519
siren,410,169,0.15303158633207586,0.6225760572262874,0.46954447089421153
italian,243,169,0.03434115183404416,0.4190866517694432,0.384745499935399
license,399,168,-0.024426412403861206,0.4956563110223762,0.5200827234262374
november,453,167,-0.011814522122839056,0.5770067133902854,0.5888212355131245
germany,233,167,-0.04143115171749711,0.5890697303288879,0.630500882046385
how'd,421,166,0.07825319661962764,0.5239687878616502,0.4457155912420226
railway,168,166,0.021173032151402215,0.5532801787684941,0.5321071466170919
lucifer,445,165,0.010693109714783025,0.5582264090779405,0.5475332993631575
vegetable,222,165,0.09395697174366555,0.47070960711195176,0.3767526353682862
tempt,399,164,0.03244497740781612,0.5100470209334037,0.4776020435255876
jus,471,163,0.06510790522719806,0.49488936247702753,0.42978145724982947
suede,309,163,0.13310924514428593,0.6752558467121295,0.5421466015678436
pad,572,162,0.10308099884766533,0.4648350257176902,0.3617540268700249
lads,270,162,0.0665036681523772,0.4221110840934112,0.355607415941034
offering,497,161,0.1250175544294584,0.553404276640825,0.42838672221136664
frankie,238,161,0.09443142246865265,0.39121053857135185,0.2967791161026992
casual,305,160,0.10411988918211579,0.4141720421988017,0.3100521530166859
grease,492,159,0.10501599562363953,0.4571447085094877,0.3521287128858481
joys,310,159,0.025501662102324803,0.613103944667844,0.5876022825655192
houston,468,158,0.09756764913920173,0.5155378796326391,0.41797023049343734
piper,288,158,0.05526541615265067,0.5615287982767039,0.5062633821240532
spaces,447,157,0.10351377788133796,0.6592014475047803,0.5556876696234423
dared,292,157,0.15364390397166194,0.5518195363981164,0.3981756324264545
junior,518,156,0.0388710290603048,0.43405790374967984,0.395186874689375
fret,311,156,0.04651374943651727,0.5868944469419941,0.5403806975054768
valentine,471,155,0.06848058358175081,0.5764757886913994,0.5079952051096486
dooby,234,155,0.19143769386530848,0.6467832982883237,0.4553456044230152
shifting,433,154,0.12053686409320544,0.587877211836942,0.46734034774373656
hoop,235,154,0.026064062296039487,0.48009133478174637,0.4540272724857069
ali,393,153,0.07951638649148654,0.35667678653715584,0.27716040004566933
girlie,222,153,0.1473479738527401,0.4754599580964346,0.3281119842436945
idiot,516,152,0.12575310700403608,0.4217816812827143,0.29602857427867824
theirs,357,152,0.06901772062377853,0.5069815817739437,0.43796386115016517
casanova,180,152,0.07684780124861335,0.5071266358019958,0.43027883455338245
noble,442,151,0.09902708863610964,0.4964501866434584,0.39742309800734876
fiend,1403,150,0.07732534629665383,0.44198562825784726,0.36466028196119343
greener,372,150,0.041208519610985345,0.7227071187960155,0.6814985991850301
warmer,269,150,0.11361118214217282,0.6910011909344785,0.5773900087923057
pine,452,149,-0.014566794464147808,0.5430261004021102,0.557592894866258
drifted,382,149,0.05736031024037044,0.6445084742374145,0.5871481639970441
eventually,564,148,0.06655411221689457,0.42640705758717745,0.3598529453702829
wiped,381,148,0.16603607263772172,0.6459228855720267,0.479886812934305
stockings,245,148,0.04097326585318645,0.615327872277313,0.5743546064241265
sky's,443,147,0.03478568006460726,0.522162384751155,0.4873767046865477
cloak,301,147,0.021397170088522356,0.6276381956740444,0.6062410255855221
honestly,423,146,0.19449883405676333,0.6020928793928337,0.4075940453360704
attic,341,146,0.007681452716227714,0.515160051778911,0.5074785990626833
stink,510,145,0.14895001233419503,0.47643157539568726,0.32748156306149223
token,362,145,0.06942359148017843,0.4545883354103827,0.3851647439302043
prettiest,230,145,0.0616755978288919,0.6881932808784121,0.6265176830495203
los,610,144,0.1407842621353263,0.535448738075567,0.39466447594024073
aloud,349,144,0.19016918180693637,0.678441795785434,0.4882726139784976
blackened,782,143,0.07744543063640971,0.6628821193726553,0.5854366887362455
bursting,352,143,0.10553711066780135,0.6331813091615406,0.5276441984937392
imitation,190,143,0.10897106137464066,0.5173150035202226,0.408343942145582
exists,440,142,0.156145226721846,0.5849044894064515,0.42875926268460546
longed,303,142,0.05291507882905995,0.7048172004948619,0.6519021216658019
ave,793,141,0.027300465609400672,0.44728815708259406,0.41998769147319337
butterflies,370,141,0.08536164984428113,0.5653208680078989,0.4799592181636178
whats,928,140,0.06371007293514165,0.5323327000177225,0.46862262708258084
ascap,383,140,0.13557826314132992,0.56235816440521,0.4267799012638801
connect,863,139,-0.016416482603668403,0.3649369654084784,0.3813534480121468
scheming,388,139,-0.011574567841752537,0.5115074608548991,0.5230820286966515
maintain,1296,138,0.10084047748335596,0.44394754584454155,0.3431070683611856
curls,413,138,0.0472181279630102,0.5928893419022332,0.545671213939223
bitten,291,138,0.12430714249780934,0.5488429441876279,0.4245358016898186
styles,1974,137,0.09205595322465923,0.5039574863303542,0.411901533105695
servants,311,137,0.15184345576544656,0.5662193341737523,0.4143758784083057
numbered,230,137,0.16332757344909465,0.5994387043854827,0.4361111309363881
attempt,519,136,0.04864758899359631,0.5144960128184413,0.4658484238248449
pipes,382,136,0.10269460896832387,0.5603073767330997,0.45761276776477583
exercise,305,136,0.008854919470025011,0.4356944043587125,0.42683948488868745
liars,510,135,0.005572469583937506,0.4598296253649194,0.4542571557809819
captive,340,135,0.1115802740320615,0.5396786012870933,0.42809832725503183
pretender,135,236,0.03390969662109512,0.5312419920332726,0.4973322954121775
terms,407,134,0.11879069522291227,0.5122910340356268,0.3935003388127145
charged,339,134,0.011242081505796845,0.48704203573145455,0.4757999542256577
politician,285,134,0.10447514437647798,0.43552117021865694,0.33104602584217896
resurrection,553,133,0.18856646112202632,0.509394437498111,0.3208279763760846
patterns,379,133,0.12104772399523561,0.5199039828991334,0.3988562589038978
friend's,295,133,0.11958349857638532,0.6112726425749169,0.49168914399853153
rev,187,133,0.09481516651747487,0.4484386275108047,0.35362346099332986
caddy,398,132,-0.00373586294212307,0.6077203812621637,0.6114562442042867
savin,233,132,-0.016652609140664403,0.6308000366142306,0.6474526457548949
beatbox,155,132,0.07381737707343598,0.6001214017631771,0.5263040246897411
bruce,425,131,0.10997038125368115,0.5192508293747478,0.4092804481210666
francisco,306,131,0.1546599161710328,0.6017902741551265,0.44713035798409373
necessary,530,130,0.05638267076382304,0.484291583387907,0.427908912624084
allright,351,130,0.10288139274691117,0.5093806719454284,0.4064992791985172
disturb,259,130,0.029556123613589794,0.5095489201029098,0.47999279648932
rapture,573,129,0.055777694376978354,0.4695422636088234,0.413764569231845
ninja,264,129,0.10829523353094932,0.3950465781844126,0.28675134465346325
struggling,518,128,0.09055992883455405,0.5624871782561112,0.4719272494215571
freed,336,128,0.06432789871793144,0.6027816349280561,0.5384537362101247
crashed,470,127,0.08292410122985387,0.5443616799440737,0.4614375787142198
salute,392,127,0.09315330796945522,0.5032597696591862,0.410106461689731
shaky,277,127,0.07326009295441956,0.5916621519690413,0.5184020590146217
huge,470,126,0.09917398887289151,0.4941387505865771,0.39496476171368555
reminded,310,126,0.08348849036965052,0.5137258680974297,0.4302373777277792
traitor,228,126,0.06106210006022132,0.46963334323647854,0.4085712431762572
intelligent,458,125,0.03215523857821685,0.5981255519994904,0.5659703134212735
decides,288,125,0.07913881975292027,0.6234859617201242,0.5443471419672039
rated,528,124,0.0304970344379651,0.4126426409921956,0.3821456065542305
ledge,337,124,0.03131596195791943,0.5814385562161047,0.5501225942581853
cork,198,124,0.023720857815047035,0.5141384505070903,0.49041759269204327
buckle,404,123,0.043798103342107174,0.5516426839960845,0.5078445806539773
consolation,223,123,0.12557056984304144,0.5656616039034733,0.4400910340604319
grill,1009,122,0.002265397187412012,0.40624726281164125,0.4039818656242292
kansas,393,122,0.10341522382223542,0.620502660070318,0.5170874362480825
moonlit,308,122,0.08415868308169065,0.6401935106306701,0.5560348275489795
custom,197,122,0.09410088207420404,0.5344761136834519,0.4403752316092479
drill,442,121,0.000564432892796677,0.4161937934073261,0.4156293605145294
cliff,355,121,0.07446804075187062,0.5069174721490136,0.432449431397143
coconut,267,121,0.0692987296314858,0.5846913323147561,0.5153926026832704
pathetic,607,120,0.13041350343124664,0.5544750355153485,0.42406153208410186
prick,331,120,0.1078578150744787,0.44837155025091024,0.3405137351764316
sincerely,228,120,0.0746164530729799,0.5417240837515804,0.4671076306786005
stacked,393,119,0.01010611774943679,0.5011701799195292,0.49106406217009235
sweeping,279,119,0.0728274124677469,0.6131140705551605,0.5402866580874136
adult,188,119,0.159356155134913,0.46058613252780795,0.3012299773928949
anna,417,118,0.12027203673260561,0.3125388765258349,0.19226683979322928
bargain,246,118,0.04219600450963426,0.5204284258268174,0.47823242131718313
repeating,401,117,0.09307857412429624,0.6058513308894856,0.5127727567651894
stillness,306,117,0.052520409126162335,0.6478084905415648,0.5952880814154025
shares,180,117,0.0044955015763539375,0.6182790599093413,0.6137835583329874
exposed,481,116,0.18558751429641485,0.5033566993773582,0.3177691850809433
whistling,297,116,0.1347472555690597,0.6498237325206886,0.515076476951629
sailin,165,116,0.09385847563610114,0.6546161736236498,0.5607576979875486
hundreds,437,115,0.048422729194256414,0.5546727694306994,0.506250040236443
contest,322,115,0.061804677300939345,0.5037444845568028,0.4419398072558634
writes,255,115,0.11970674280644131,0.6761746453227706,0.5564679025163293
infinity,730,114,0.13736871915563725,0.4774537841656119,0.34008506500997465
serenade,344,114,0.13515529859724063,0.458240081133282,0.3230847825360414
experiment,220,114,0.07609873009471625,0.4165990816182005,0.34050035152348423
process,566,113,0.11295156473297094,0.5301996780222631,0.4172481132892921
vanished,338,113,0.1267720882735735,0.6356131822622018,0.5088410939886283
postcard,251,113,0.11173099044375466,0.6542223420084947,0.54249135156474
machinery,172,113,0.11977561704863522,0.5046225765044108,0.3848469594557756
slammed,323,112,0.16401178617813655,0.6593305859918283,0.4953187998136917
stubborn,274,112,0.14552074135082066,0.515785270281407,0.3702645289305863
shirley,182,112,0.08035862021957049,0.4254000785789903,0.3450414583594198
pregnant,494,111,0.16267566991481305,0.45274711275283724,0.2900714428380242
critics,351,111,0.1200701780055305,0.45845310472374323,0.33838292671821274
recognise,265,111,0.12307313304610125,0.5234789006105464,0.4004057675644451
faraway,184,111,-0.0029599394482255053,0.6700654664001144,0.6730254058483399
whites,356,110,0.09714252229954373,0.5569151683967822,0.4597726460972385
dc,273,110,0.06647812490433345,0.46832498612226003,0.40184686121792657
roxanne,110,154,0.022533507329372038,0.4669966010814448,0.44446309375207277
spiral,411,109,0.044363317188302206,0.582113334868442,0.5377500176801397
chord,297,109,0.01092251892941376,0.5020029753263247,0.4910804563969109
longs,255,109,0.11322264543619402,0.5774951464976663,0.4642725010614723
linda,169,109,0.01918993225784927,0.4867904331449174,0.4676005008870681
countless,428,108,0.10082838098952498,0.6703173466392378,0.5694889656497129
cape,305,108,0.01616957886910971,0.46322516947555015,0.44705559060644046
don'tcha,108,207,0.07285532784207942,0.47381684314057004,0.4009615152984906
infinite,913,107,0.04650652729050609,0.5868880972730655,0.5403815699825594
rhyming,433,107,0.04564232666134496,0.46923202735579683,0.4235897006944519
bended,306,107,0.18500854205952993,0.6981622840180295,0.5131537419584995
tidings,238,107,0.044183658060135696,0.7625396147004861,0.7183559566403505
cannonball,122,107,0.13623061727479505,0.5125359323718247,0.3763053150970297
ultra,371,106,0.0701483512214731,0.42472683908931963,0.3545784878678465
fro,296,106,0.05425625563334649,0.5063297958801984,0.452073540246852
refugee,196,106,0.20130594136998053,0.4797987847008687,0.27849284333088814
walker,327,105,0.09953647297199572,0.43405586366197024,0.3345193906899745
ms,293,105,0.15568226129196883,0.42346301722742863,0.2677807559354598
pout,235,105,0.07037754866868358,0.6118323695495766,0.541454820880893
arcade,105,138,0.1413982756812096,0.5584019257897386,0.41700365010852897
smokes,333,104,0.1404854242400938,0.618746640544758,0.4782612163046642
stevie,239,104,0.036746770174889275,0.5048877427954965,0.4681409726206073
woy,104,205,0.1354324548660509,0.5295923539295213,0.3941598990634704
ku,133,104,0.05428253133375589,0.4864003550005815,0.4321178236668256
quench,359,103,0.053818264806181126,0.6135025171839503,0.5596842523777692
stagger,293,103,0.1347770884396267,0.43932812709899854,0.30455103865937183
roars,204,103,0.11673489155770259,0.7208016785176078,0.6040667869599052
swollen,617,102,0.11681311466641696,0.5283358965055744,0.41152278183915747
thrust,322,102,0.04875474044432371,0.4885399268414908,0.43978518639716707
gliding,264,102,0.06275514119606855,0.7068789128871238,0.6441237716910553
grande,187,102,0.049395332833226786,0.6582591475162338,0.608863814683007
paranoid,678,101,0.11768436668997219,0.4348740825776442,0.31718971588767203
fishes,309,101,0.14169682991226085,0.5911115377150066,0.4494147078027457
splendor,253,101,0.1051029909996854,0.55956924298067,0.4544662519809846
doorstep,213,101,0.09221990794715137,0.6579439593799103,0.565724051432759
margaret,141,101,0.2080846647842319,0.44922517447655297,0.24114050969232106
hath,302,100,-0.008689759303464557,0.6329293850944879,0.6416191443979525
mixing,226,100,0.07784394231642108,0.49427568242062175,0.4164317401042007
boppin,104,100,0.143760797364267,0.6692963608279519,0.5255355634636849
